profile_type,count,percentage
Hybrid,43,97.72727272727273
Non-Hybrid,1,2.2727272727272663
